satisfaction_level,last_evaluation,number_project,average_montly_hours,time_spend_company,Work_accident,Quit_the_Company,promotion_last_5years,Departments,salary,employee_id
0.36,0.56,2,132,3,0,1,0,IT,medium,EMP00064
0.74,0.99,2,277,3,0,1,0,IT,medium,EMP00071
0.45,0.53,2,155,3,0,1,0,IT,low,EMP00142
0.4,0.53,2,151,3,0,1,0,IT,low,EMP00215
0.36,0.51,2,155,3,0,1,0,IT,low,EMP00216
0.36,0.48,2,158,3,0,1,0,IT,low,EMP00217
0.43,0.53,2,131,3,0,1,0,IT,low,EMP00219
0.41,0.49,2,146,3,0,1,0,IT,low,EMP00293
0.38,0.51,2,146,3,0,1,0,IT,medium,EMP00296
0.45,0.55,2,151,3,0,1,0,IT,medium,EMP00301
0.4,0.56,2,131,3,0,1,0,IT,low,EMP00368
0.37,0.45,2,142,3,0,1,0,IT,low,EMP00371
0.36,0.51,2,135,3,0,1,0,IT,low,EMP00372
0.39,0.54,2,127,3,0,1,0,IT,low,EMP00445
0.44,0.46,2,143,3,0,1,0,IT,low,EMP00447
0.39,0.51,2,129,3,0,1,0,IT,low,EMP00520
0.37,0.46,2,157,3,0,1,0,IT,low,EMP00599
0.46,0.57,2,154,3,0,1,0,IT,low,EMP00673
0.37,0.46,2,149,3,0,1,0,IT,low,EMP00674
0.46,0.5,2,157,3,0,1,0,IT,low,EMP00675
0.43,0.57,2,127,3,0,1,0,IT,low,EMP00676
0.43,0.51,2,130,3,0,1,0,IT,low,EMP00748
0.4,0.5,2,127,3,0,1,0,IT,low,EMP00749
0.38,0.49,2,145,3,0,1,0,IT,low,EMP00751
0.46,0.45,2,138,3,0,1,1,IT,low,EMP00752
0.44,0.53,2,154,3,0,1,0,IT,low,EMP00824
0.37,0.56,2,138,3,0,1,0,IT,low,EMP00825
0.39,0.48,2,161,3,0,1,0,IT,low,EMP00833
0.43,0.53,2,145,3,0,1,0,IT,low,EMP00902
0.36,0.55,2,152,3,0,1,0,IT,low,EMP00903
0.43,0.47,2,128,3,0,1,0,IT,low,EMP00904
0.36,0.54,2,136,3,0,1,0,IT,low,EMP00976
0.39,0.56,2,156,3,0,1,0,IT,low,EMP00979
0.37,0.48,2,129,3,0,1,0,IT,medium,EMP01053
0.36,0.48,2,152,3,0,1,0,IT,low,EMP01061
0.37,0.47,2,149,3,0,1,0,IT,medium,EMP01131
0.37,0.48,2,160,3,0,1,0,IT,low,EMP01132
0.43,0.56,2,158,3,0,1,0,IT,low,EMP01205
0.44,0.53,2,152,3,0,1,0,IT,medium,EMP01207
0.38,0.55,2,134,3,0,1,0,IT,low,EMP01214
0.44,0.56,2,127,3,0,1,0,IT,low,EMP01217
0.4,0.55,2,150,3,0,1,0,IT,medium,EMP01284
0.41,0.52,2,127,3,0,1,0,IT,medium,EMP01286
0.39,0.51,2,139,3,0,1,0,IT,low,EMP01291
0.29,0.48,2,249,4,0,1,0,IT,medium,EMP01359
0.46,0.46,2,145,3,0,1,0,IT,high,EMP01360
0.4,0.5,2,129,3,0,1,0,IT,medium,EMP01363
0.4,0.45,2,140,3,0,1,0,IT,low,EMP01368
0.43,0.45,2,146,3,0,1,0,IT,medium,EMP01436
0.43,0.57,2,142,3,0,1,0,IT,medium,EMP01437
0.4,0.53,2,155,3,0,1,0,IT,high,EMP01438
0.41,0.48,2,141,3,0,1,0,IT,low,EMP01445
0.45,0.52,2,143,3,0,1,0,IT,medium,EMP01513
0.4,0.5,2,127,3,0,1,0,IT,low,EMP01517
0.38,0.47,2,140,3,1,1,0,IT,low,EMP01522
0.43,0.48,2,147,3,0,1,0,IT,medium,EMP01591
0.41,0.55,2,159,3,0,1,0,IT,medium,EMP01592
0.41,0.57,2,154,3,0,1,0,IT,medium,EMP01593
0.41,0.51,2,159,3,0,1,0,IT,medium,EMP01667
0.44,0.55,2,128,3,0,1,1,IT,medium,EMP01668
0.46,0.5,2,146,3,0,1,0,IT,medium,EMP01742
0.37,0.46,2,127,3,0,1,0,IT,medium,EMP01744
0.4,0.48,2,161,3,0,1,0,IT,medium,EMP01745
0.38,0.5,2,144,3,0,1,0,IT,medium,EMP01818
0.43,0.52,2,136,3,0,1,0,IT,medium,EMP01821
0.39,0.49,2,127,3,0,1,0,IT,medium,EMP01897
0.41,0.55,2,161,3,0,1,0,IT,low,EMP01970
0.42,0.47,2,139,3,1,1,0,IT,medium,EMP01972
0.36,0.5,2,131,3,0,1,0,IT,medium,EMP01973
0.38,0.52,2,161,3,0,1,0,IT,medium,EMP01974
0.44,0.56,2,156,3,0,1,0,IT,medium,EMP01979
0.52,0.59,2,176,3,1,0,0,IT,low,EMP02046
0.84,0.65,2,140,3,0,0,0,IT,low,EMP02047
0.57,0.48,2,194,2,0,0,0,IT,low,EMP02126
0.75,0.73,2,152,4,0,0,0,IT,low,EMP02278
0.54,0.73,2,100,3,0,0,0,IT,low,EMP02353
0.65,0.4,2,141,2,0,0,0,IT,low,EMP02427
0.65,0.75,2,151,3,0,0,0,IT,low,EMP02435
0.71,0.99,2,136,3,0,0,0,IT,low,EMP02505
0.53,0.65,2,189,2,1,0,0,IT,low,EMP02588
0.76,0.98,2,111,2,0,0,0,IT,low,EMP02659
0.37,0.43,2,155,2,0,0,0,IT,low,EMP02813
0.64,0.9,2,101,6,0,0,0,IT,low,EMP02819
0.92,0.53,2,249,2,0,0,0,IT,high,EMP03271
0.74,0.97,2,135,4,0,0,0,IT,medium,EMP03498
0.5,0.6,2,177,3,1,0,0,IT,medium,EMP03802
0.7,0.84,2,114,4,0,0,0,IT,low,EMP03955
0.87,0.6,2,122,2,0,0,0,IT,low,EMP03956
0.37,0.48,2,285,5,0,0,0,IT,medium,EMP04193
0.95,0.6,2,144,3,0,0,0,IT,high,EMP04265
0.5,0.85,2,143,3,0,0,0,IT,low,EMP04490
0.66,0.81,2,201,3,0,0,0,IT,medium,EMP04568
0.59,0.82,2,233,2,0,0,0,IT,medium,EMP04643
0.64,0.61,2,153,2,0,0,0,IT,low,EMP04718
0.32,0.72,2,240,5,0,0,0,IT,low,EMP04795
0.95,0.78,2,148,2,0,0,0,IT,low,EMP05254
0.81,0.59,2,236,3,0,0,0,IT,medium,EMP05330
0.24,0.79,2,175,5,0,0,0,IT,low,EMP05636
0.49,0.48,2,186,2,0,0,0,IT,medium,EMP05638
0.28,0.7,2,164,4,0,0,0,IT,medium,EMP05942
0.64,0.81,2,226,2,0,0,0,IT,medium,EMP06321
0.4,0.46,2,109,3,0,0,0,IT,low,EMP06855
0.88,0.6,2,168,3,0,0,0,IT,low,EMP07086
0.31,0.42,2,169,5,0,0,0,IT,low,EMP07314
0.57,0.42,2,248,4,0,0,0,IT,medium,EMP07467
0.65,0.96,2,246,2,1,0,0,IT,low,EMP07469
0.91,0.55,2,234,2,0,0,0,IT,low,EMP07698
0.69,0.89,2,202,2,0,0,0,IT,medium,EMP08545
0.59,0.75,2,273,2,0,0,0,IT,high,EMP08773
0.41,0.69,2,152,4,1,0,0,IT,low,EMP08993
0.24,0.6,2,194,6,0,0,0,IT,medium,EMP09220
0.42,0.47,2,125,4,0,0,0,IT,medium,EMP09221
0.97,0.91,2,112,5,0,0,0,IT,low,EMP09449
0.49,0.95,2,181,4,1,0,0,IT,low,EMP09453
0.45,0.87,2,268,4,1,0,0,IT,low,EMP09527
0.27,0.85,2,277,6,1,0,0,IT,low,EMP09529
0.51,0.85,2,248,4,0,0,0,IT,high,EMP09836
0.96,0.88,2,193,2,0,0,0,IT,low,EMP09911
0.42,0.58,2,140,3,0,0,0,IT,low,EMP09914
0.95,0.73,2,187,2,0,0,0,IT,medium,EMP09923
0.45,0.54,2,184,2,0,0,0,IT,low,EMP10293
0.79,0.44,2,236,3,0,0,0,IT,medium,EMP10598
0.37,0.51,2,153,3,0,0,0,IT,high,EMP10672
0.87,0.72,2,154,3,0,0,0,IT,medium,EMP10832
0.47,0.46,2,152,2,0,0,0,IT,medium,EMP10909
0.65,0.76,2,170,5,0,0,0,IT,low,EMP10993
0.49,0.6,2,113,5,0,0,0,IT,low,EMP11001
1,0.86,2,264,3,0,0,0,IT,medium,EMP11073
0.4,0.89,2,165,3,0,0,0,IT,medium,EMP11248
0.6,0.53,2,235,7,0,0,0,IT,medium,EMP11992
0.36,0.56,2,132,3,0,1,0,IT,medium,EMP12064
0.74,0.99,2,277,3,0,1,0,IT,medium,EMP12071
0.45,0.53,2,155,3,0,1,0,IT,low,EMP12142
0.4,0.53,2,151,3,0,1,0,IT,low,EMP12215
0.36,0.51,2,155,3,0,1,0,IT,low,EMP12216
0.36,0.48,2,158,3,0,1,0,IT,low,EMP12217
0.43,0.53,2,131,3,0,1,0,IT,low,EMP12219
0.41,0.49,2,146,3,0,1,0,IT,low,EMP12293
0.38,0.51,2,146,3,0,1,0,IT,medium,EMP12296
0.45,0.55,2,151,3,0,1,0,IT,medium,EMP12301
0.4,0.56,2,131,3,0,1,0,IT,low,EMP12368
0.37,0.45,2,142,3,0,1,0,IT,low,EMP12371
0.36,0.51,2,135,3,0,1,0,IT,low,EMP12372
0.39,0.54,2,127,3,0,1,0,IT,low,EMP12445
0.44,0.46,2,143,3,0,1,0,IT,low,EMP12447
0.39,0.51,2,129,3,0,1,0,IT,low,EMP12520
0.37,0.46,2,157,3,0,1,0,IT,low,EMP12599
0.46,0.57,2,154,3,0,1,0,IT,low,EMP12673
0.37,0.46,2,149,3,0,1,0,IT,low,EMP12674
0.46,0.5,2,157,3,0,1,0,IT,low,EMP12675
0.43,0.57,2,127,3,0,1,0,IT,low,EMP12676
0.43,0.51,2,130,3,0,1,0,IT,low,EMP12748
0.4,0.5,2,127,3,0,1,0,IT,low,EMP12749
0.38,0.49,2,145,3,0,1,0,IT,low,EMP12751
0.46,0.45,2,138,3,0,1,1,IT,low,EMP12752
0.79,0.44,2,236,3,0,0,0,IT,medium,EMP12809
0.37,0.51,2,153,3,0,0,0,IT,high,EMP12883
0.87,0.72,2,154,3,0,0,0,IT,medium,EMP13043
0.47,0.46,2,152,2,0,0,0,IT,medium,EMP13120
0.65,0.76,2,170,5,0,0,0,IT,low,EMP13204
0.49,0.6,2,113,5,0,0,0,IT,low,EMP13212
1,0.86,2,264,3,0,0,0,IT,medium,EMP13284
0.4,0.89,2,165,3,0,0,0,IT,medium,EMP13459
0.6,0.53,2,235,7,0,0,0,IT,medium,EMP14203
0.36,0.56,2,132,3,0,1,0,IT,medium,EMP14275
0.74,0.99,2,277,3,0,1,0,IT,medium,EMP14282
0.45,0.53,2,155,3,0,1,0,IT,low,EMP14353
0.4,0.53,2,151,3,0,1,0,IT,low,EMP14426
0.36,0.51,2,155,3,0,1,0,IT,low,EMP14427
0.36,0.48,2,158,3,0,1,0,IT,low,EMP14428
0.43,0.53,2,131,3,0,1,0,IT,low,EMP14430
0.41,0.49,2,146,3,0,1,0,IT,low,EMP14504
0.38,0.51,2,146,3,0,1,0,IT,medium,EMP14507
0.45,0.55,2,151,3,0,1,0,IT,medium,EMP14512
0.4,0.56,2,131,3,0,1,0,IT,low,EMP14579
0.37,0.45,2,142,3,0,1,0,IT,low,EMP14582
0.36,0.51,2,135,3,0,1,0,IT,low,EMP14583
0.39,0.54,2,127,3,0,1,0,IT,low,EMP14656
0.44,0.46,2,143,3,0,1,0,IT,low,EMP14658
0.39,0.51,2,129,3,0,1,0,IT,low,EMP14731
0.37,0.46,2,157,3,0,1,0,IT,low,EMP14810
0.39,0.49,2,127,3,0,1,0,IT,medium,EMP14933
0.1,0.68,3,179,3,0,1,0,IT,medium,EMP01515
0.67,0.54,3,166,5,0,1,0,IT,medium,EMP01670
0.87,0.5,3,242,2,0,0,0,IT,low,EMP02048
0.48,0.85,3,279,4,0,0,0,IT,low,EMP02049
0.85,0.6,3,182,3,0,0,0,IT,medium,EMP02055
0.72,0.5,3,257,6,0,0,0,IT,low,EMP02125
0.78,0.84,3,233,3,1,0,0,IT,low,EMP02200
0.17,0.59,3,197,5,0,0,0,IT,low,EMP02202
0.92,0.92,3,159,3,0,0,0,IT,low,EMP02275
0.94,0.51,3,160,2,0,0,0,IT,low,EMP02283
0.83,0.52,3,167,2,1,0,0,IT,low,EMP02351
0.81,0.85,3,263,3,1,0,0,IT,low,EMP02352
0.89,0.83,3,164,3,0,0,0,IT,low,EMP02354
0.64,0.69,3,207,2,1,0,0,IT,low,EMP02502
0.76,0.5,3,258,3,0,0,0,IT,low,EMP02511
0.53,0.88,3,157,3,0,0,0,IT,low,EMP02579
0.67,0.59,3,177,3,1,0,0,IT,low,EMP02657
0.7,0.82,3,178,3,0,0,0,IT,low,EMP02660
0.94,0.94,3,255,3,0,0,0,IT,low,EMP02734
0.5,0.91,3,212,2,0,0,0,IT,low,EMP02810
0.97,0.7,3,203,3,0,0,0,IT,low,EMP02887
0.96,0.69,3,214,2,1,0,0,IT,low,EMP02890
0.72,0.87,3,238,3,0,0,0,IT,medium,EMP02964
0.16,0.87,3,99,5,1,0,0,IT,medium,EMP03040
0.57,0.61,3,243,3,0,0,0,IT,medium,EMP03041
0.56,0.7,3,214,2,0,0,0,IT,medium,EMP03117
0.75,0.96,3,138,2,0,0,0,IT,medium,EMP03118
0.5,0.77,3,166,3,0,0,0,IT,medium,EMP03119
0.48,0.37,3,181,2,0,0,0,IT,low,EMP03125
0.57,0.73,3,146,3,0,0,0,IT,high,EMP03201
0.64,0.95,3,98,3,0,0,0,IT,medium,EMP03345
0.71,0.67,3,264,3,0,0,0,IT,medium,EMP03429
0.66,0.87,3,186,2,0,0,0,IT,medium,EMP03496
0.77,0.7,3,155,3,0,0,0,IT,medium,EMP03497
0.67,0.55,3,175,2,0,0,0,IT,medium,EMP03500
0.81,0.83,3,133,3,1,0,0,IT,medium,EMP03572
0.82,0.59,3,249,3,0,0,0,IT,medium,EMP03573
0.61,0.63,3,250,4,0,0,0,IT,low,EMP03581
0.72,1,3,197,3,0,0,0,IT,medium,EMP03651
0.72,0.53,3,151,4,0,0,0,IT,medium,EMP03652
0.63,0.85,3,232,4,0,0,0,IT,medium,EMP03727
0.81,0.52,3,255,5,0,0,0,IT,medium,EMP03728
0.29,0.43,3,162,4,0,0,0,IT,medium,EMP03733
0.8,0.67,3,164,3,0,0,0,IT,high,EMP03800
0.95,0.87,3,208,2,0,0,0,IT,high,EMP03803
0.69,0.93,3,233,3,0,0,0,IT,medium,EMP03804
0.54,0.84,3,132,3,0,0,0,IT,low,EMP03876
0.55,0.49,3,191,3,0,0,0,IT,medium,EMP03885
0.69,0.81,3,214,2,0,0,0,IT,low,EMP03953
0.44,0.55,3,170,3,1,0,0,IT,low,EMP03957
0.61,0.82,3,261,4,0,0,0,IT,low,EMP04030
0.55,0.8,3,254,2,0,0,0,IT,medium,EMP04108
0.68,0.87,3,168,3,0,0,0,IT,medium,EMP04111
0.95,0.72,3,168,5,0,0,0,IT,medium,EMP04186
0.76,0.56,3,154,2,0,0,0,IT,low,EMP04263
0.21,0.72,3,245,6,0,0,0,IT,high,EMP04270
0.78,0.58,3,154,3,0,0,0,IT,low,EMP04338
0.93,0.56,3,266,2,0,0,0,IT,low,EMP04339
0.62,0.71,3,177,3,1,0,0,IT,low,EMP04415
0.57,0.9,3,144,2,0,0,0,IT,medium,EMP04566
0.71,0.79,3,189,3,0,0,0,IT,medium,EMP04645
0.56,0.85,3,225,3,0,0,0,IT,high,EMP04721
0.37,0.61,3,186,2,0,0,0,IT,low,EMP04722
0.57,0.61,3,167,2,1,0,0,IT,low,EMP04872
0.98,0.72,3,252,2,0,0,0,IT,low,EMP04873
0.62,0.58,3,192,2,0,0,0,IT,low,EMP04874
0.53,0.52,3,233,4,0,0,0,IT,low,EMP04879
0.53,0.98,3,219,4,0,0,0,IT,low,EMP04946
0.59,0.77,3,169,3,0,0,0,IT,low,EMP04949
0.61,0.73,3,165,3,1,0,0,IT,low,EMP05025
0.62,0.69,3,261,2,0,0,0,IT,medium,EMP05031
0.76,0.44,3,121,4,0,0,0,IT,low,EMP05101
0.53,0.8,3,175,3,0,0,0,IT,low,EMP05107
0.66,0.61,3,260,3,0,0,0,IT,low,EMP05183
0.82,0.71,3,160,3,0,0,0,IT,medium,EMP05250
0.86,0.71,3,235,3,0,0,0,IT,medium,EMP05251
0.82,0.6,3,261,2,1,0,0,IT,medium,EMP05253
0.66,0.6,3,262,2,1,0,0,IT,low,EMP05259
0.84,0.91,3,199,4,0,0,0,IT,medium,EMP05329
0.59,0.51,3,203,2,1,0,0,IT,medium,EMP05331
0.68,0.81,3,166,2,0,0,0,IT,medium,EMP05404
0.54,0.64,3,203,4,0,0,0,IT,medium,EMP05406
0.49,0.74,3,229,3,1,0,0,IT,low,EMP05408
0.72,0.66,3,256,2,0,0,0,IT,medium,EMP05481
0.41,0.57,3,193,3,1,0,0,IT,medium,EMP05483
0.9,0.9,3,274,3,0,0,0,IT,low,EMP05485
0.77,0.52,3,210,3,1,0,0,IT,high,EMP05558
0.74,0.54,3,175,3,1,0,0,IT,high,EMP05560
0.23,0.48,3,139,4,0,0,0,IT,medium,EMP05639
0.59,0.59,3,173,3,0,0,0,IT,low,EMP05714
0.48,0.87,3,236,2,0,0,0,IT,low,EMP05792
0.61,0.9,3,263,3,0,0,0,IT,medium,EMP05868
0.84,0.9,3,230,3,0,0,0,IT,medium,EMP05943
0.68,0.92,3,226,2,0,0,0,IT,high,EMP05944
0.51,0.54,3,154,3,1,0,0,IT,medium,EMP06016
0.76,0.59,3,201,6,1,0,0,IT,medium,EMP06017
0.82,0.59,3,178,2,0,0,0,IT,medium,EMP06018
0.44,0.66,3,161,3,0,0,0,IT,medium,EMP06019
0.52,0.62,3,275,2,0,0,0,IT,high,EMP06025
0.71,0.54,3,201,2,0,0,0,IT,medium,EMP06092
0.66,0.67,3,123,4,0,0,0,IT,medium,EMP06093
0.5,0.59,3,260,3,0,0,0,IT,medium,EMP06168
0.82,0.5,3,198,4,0,0,0,IT,medium,EMP06169
0.54,0.93,3,124,5,0,0,0,IT,medium,EMP06245
0.26,0.39,3,99,4,0,0,0,IT,medium,EMP06323
0.97,0.64,3,237,3,0,0,0,IT,medium,EMP06324
0.75,0.55,3,253,6,0,0,0,IT,medium,EMP06400
0.54,0.57,3,257,2,0,0,0,IT,medium,EMP06405
0.88,0.8,3,166,2,0,0,0,IT,low,EMP06474
0.48,0.87,3,267,2,0,0,0,IT,low,EMP06549
0.68,0.71,3,237,3,0,0,0,IT,low,EMP06552
0.3,0.53,3,148,4,0,0,0,IT,medium,EMP06557
0.61,0.59,3,162,2,1,0,0,IT,low,EMP06628
0.95,0.74,3,139,2,0,0,0,IT,medium,EMP06633
0.41,0.48,3,182,2,0,0,0,IT,low,EMP06701
0.51,0.99,3,233,4,0,0,0,IT,low,EMP06705
0.59,0.89,3,192,2,0,0,0,IT,low,EMP06778
0.83,0.71,3,243,2,1,0,0,IT,low,EMP06781
0.8,0.73,3,168,2,0,0,0,IT,low,EMP06782
0.95,0.68,3,165,3,0,0,0,IT,medium,EMP06787
0.99,0.64,3,174,4,0,0,0,IT,low,EMP06857
0.49,0.64,3,142,4,0,0,0,IT,low,EMP06858
0.94,0.71,3,175,3,0,0,0,IT,low,EMP06859
0.65,0.97,3,171,3,0,0,0,IT,medium,EMP06864
0.61,0.67,3,188,5,0,0,0,IT,low,EMP06932
0.91,0.55,3,223,3,0,0,0,IT,low,EMP06936
0.56,0.68,3,109,3,0,0,0,IT,low,EMP07009
0.69,0.94,3,170,3,0,0,0,IT,high,EMP07010
0.99,0.94,3,244,3,0,0,0,IT,high,EMP07012
0.94,0.58,3,135,3,0,0,0,IT,low,EMP07089
0.94,0.69,3,164,2,0,0,0,IT,low,EMP07094
0.99,0.71,3,191,3,0,0,0,IT,low,EMP07163
0.78,0.99,3,174,3,0,0,0,IT,low,EMP07165
0.74,0.6,3,232,3,0,0,0,IT,low,EMP07171
0.71,0.63,3,249,3,0,0,0,IT,low,EMP07247
0.53,0.68,3,258,3,0,0,0,IT,low,EMP07315
0.81,0.53,3,258,2,0,0,0,IT,low,EMP07316
0.17,0.85,3,168,4,0,0,0,IT,low,EMP07317
0.72,0.98,3,211,2,0,0,0,IT,low,EMP07318
0.82,0.73,3,183,3,0,0,0,IT,low,EMP07323
0.95,0.57,3,238,3,0,0,0,IT,low,EMP07391
0.65,0.9,3,241,3,0,0,0,IT,low,EMP07392
0.9,0.7,3,223,2,0,0,0,IT,low,EMP07393
0.59,0.8,3,258,3,1,0,0,IT,low,EMP07394
0.52,0.41,3,283,3,0,0,0,IT,low,EMP07470
0.66,0.63,3,166,3,0,0,0,IT,high,EMP07475
0.81,0.66,3,160,2,0,0,0,IT,medium,EMP07544
0.75,0.77,3,178,4,0,0,0,IT,high,EMP07545
0.77,0.8,3,147,3,0,0,0,IT,low,EMP07546
0.85,0.74,3,250,3,1,0,0,IT,low,EMP07619
0.73,0.65,3,165,3,0,0,0,IT,low,EMP07621
0.9,0.54,3,272,2,0,0,0,IT,low,EMP07622
0.7,0.68,3,185,4,0,0,0,IT,low,EMP07627
0.69,0.82,3,262,5,1,0,0,IT,medium,EMP07694
0.72,0.76,3,261,4,0,0,0,IT,medium,EMP07695
0.73,0.69,3,175,2,0,0,0,IT,medium,EMP07770
0.86,0.53,3,213,3,0,0,0,IT,high,EMP07850
0.3,0.39,3,193,3,1,0,0,IT,low,EMP07855
0.48,0.94,3,185,2,1,0,0,IT,medium,EMP07923
0.64,0.96,3,109,4,0,0,0,IT,medium,EMP07925
0.81,0.51,3,162,2,0,0,0,IT,medium,EMP07931
0.85,0.55,3,226,4,0,0,0,IT,low,EMP08000
0.72,0.9,3,193,3,0,0,0,IT,medium,EMP08001
0.56,0.55,3,245,2,0,0,0,IT,medium,EMP08007
0.67,0.86,3,175,3,0,0,0,IT,low,EMP08078
0.58,0.53,3,287,5,0,0,0,IT,low,EMP08084
0.93,0.69,3,138,2,0,0,0,IT,medium,EMP08153
0.44,0.54,3,115,3,0,0,0,IT,medium,EMP08154
0.9,0.67,3,165,2,0,0,0,IT,high,EMP08155
0.75,0.81,3,214,3,0,0,0,IT,low,EMP08156
0.56,0.64,3,206,2,0,0,0,IT,medium,EMP08229
0.65,0.56,3,230,2,0,0,0,IT,high,EMP08230
0.27,0.48,3,97,6,0,0,0,IT,medium,EMP08307
0.55,0.47,3,194,2,0,0,0,IT,high,EMP08315
0.92,0.62,3,199,2,0,0,0,IT,medium,EMP08384
0.83,0.75,3,262,3,0,0,0,IT,medium,EMP08460
0.56,1,3,272,2,0,0,0,IT,medium,EMP08463
0.5,0.75,3,232,2,0,0,0,IT,medium,EMP08536
0.53,0.59,3,148,3,0,0,0,IT,medium,EMP08537
0.99,0.55,3,197,2,0,0,0,IT,medium,EMP08539
0.79,0.49,3,137,2,0,0,0,IT,medium,EMP08613
0.48,0.98,3,259,6,0,0,0,IT,medium,EMP08614
0.74,0.61,3,228,2,1,0,0,IT,low,EMP08621
0.65,0.92,3,101,3,1,0,0,IT,medium,EMP08689
0.49,0.57,3,157,3,0,0,0,IT,medium,EMP08692
0.21,0.84,3,194,2,0,0,0,IT,medium,EMP08767
0.89,0.9,3,231,3,0,0,0,IT,medium,EMP08768
0.57,0.61,3,112,5,0,0,0,IT,medium,EMP08842
0.9,0.64,3,163,3,0,0,0,IT,medium,EMP08843
0.8,0.57,3,162,2,0,0,0,IT,medium,EMP08844
0.7,0.74,3,202,2,0,0,0,IT,medium,EMP08917
0.59,0.82,3,162,2,0,0,0,IT,high,EMP08918
0.78,0.96,3,248,3,0,0,0,IT,medium,EMP08919
0.62,0.64,3,165,3,0,0,0,IT,high,EMP08920
0.96,0.94,3,167,3,0,0,0,IT,low,EMP08994
0.74,0.89,3,229,3,0,0,0,IT,medium,EMP08996
0.78,0.72,3,223,4,0,0,0,IT,low,EMP09069
0.9,0.83,3,151,3,0,0,0,IT,low,EMP09071
0.72,0.97,3,239,3,0,0,0,IT,low,EMP09146
0.91,0.71,3,171,2,0,0,0,IT,low,EMP09147
0.74,0.54,3,243,3,0,0,0,IT,medium,EMP09148
0.92,0.94,3,234,2,1,0,0,IT,medium,EMP09223
0.91,0.49,3,267,3,0,0,0,IT,medium,EMP09229
0.78,0.44,3,97,4,0,0,0,IT,medium,EMP09296
0.9,0.58,3,264,3,0,0,0,IT,medium,EMP09298
0.58,0.49,3,135,2,0,0,0,IT,medium,EMP09299
0.64,0.56,3,238,2,0,0,0,IT,medium,EMP09300
0.51,0.69,3,135,3,0,0,0,IT,medium,EMP09305
0.93,0.87,3,154,3,1,0,0,IT,low,EMP09372
0.99,0.99,3,228,4,0,0,0,IT,low,EMP09375
0.61,0.5,3,231,3,0,0,0,IT,high,EMP09376
0.4,0.59,3,111,4,1,0,0,IT,low,EMP09450
0.96,0.5,3,217,2,1,0,0,IT,low,EMP09535
0.77,0.86,3,101,5,0,0,0,IT,low,EMP09604
0.55,0.87,3,241,4,0,0,0,IT,low,EMP09606
0.87,0.63,3,143,3,1,0,0,IT,low,EMP09607
1,0.84,3,227,3,0,0,0,IT,low,EMP09612
0.81,0.65,3,195,2,0,0,0,IT,medium,EMP09617
0.49,0.56,3,221,3,1,0,0,IT,low,EMP09757
0.85,0.53,3,250,3,0,0,0,IT,medium,EMP09759
0.6,0.61,3,104,5,0,0,0,IT,medium,EMP09766
0.91,0.75,3,166,2,0,0,0,IT,low,EMP09833
0.24,0.71,3,187,5,0,0,0,IT,low,EMP09834
0.91,0.7,3,193,2,0,0,0,IT,low,EMP09837
0.87,0.41,3,219,3,1,0,0,IT,low,EMP09910
0.69,0.66,3,206,2,0,0,0,IT,low,EMP09913
0.79,0.88,3,195,4,0,0,0,IT,low,EMP09988
0.48,0.7,3,251,3,0,0,0,IT,low,EMP10071
0.85,0.76,3,197,5,0,0,0,IT,medium,EMP10075
0.67,0.56,3,193,2,1,0,0,IT,medium,EMP10076
0.93,0.48,3,276,3,0,0,0,IT,low,EMP10138
0.8,0.98,3,189,6,0,0,0,IT,low,EMP10141
0.68,0.69,3,148,2,0,0,0,IT,low,EMP10142
0.49,0.52,3,168,3,0,0,0,IT,medium,EMP10147
0.9,0.55,3,195,3,0,0,0,IT,medium,EMP10290
0.64,0.75,3,169,3,0,0,0,IT,low,EMP10291
0.61,0.62,3,240,3,0,0,0,IT,low,EMP10294
0.75,0.98,3,143,2,0,0,0,IT,low,EMP10299
0.63,0.91,3,233,4,0,0,0,IT,medium,EMP10366
0.61,0.46,3,171,3,0,0,0,IT,medium,EMP10367
0.21,0.69,3,144,6,1,0,0,IT,low,EMP10442
0.63,0.89,3,239,3,0,0,0,IT,medium,EMP10445
0.24,0.95,3,168,4,0,0,0,IT,medium,EMP10519
0.59,0.74,3,240,3,0,0,0,IT,low,EMP10603
0.58,0.49,3,167,3,0,0,0,IT,medium,EMP10671
0.84,0.86,3,199,3,0,0,0,IT,medium,EMP10746
0.96,0.7,3,207,3,0,0,0,IT,high,EMP10750
0.7,0.87,3,166,2,0,0,0,IT,medium,EMP10824
0.77,0.5,3,141,3,0,0,0,IT,medium,EMP10825
0.73,0.93,3,249,2,0,0,0,IT,medium,EMP10826
0.89,0.91,3,233,2,0,0,0,IT,medium,EMP10900
0.76,0.92,3,176,2,0,0,0,IT,medium,EMP10903
0.69,0.52,3,186,3,0,0,0,IT,medium,EMP10977
0.81,0.55,3,199,2,1,0,0,IT,medium,EMP10979
0.61,0.86,3,239,3,0,0,0,IT,low,EMP10995
0.67,0.49,3,224,3,0,0,0,IT,low,EMP10996
0.97,0.5,3,216,3,0,0,0,IT,low,EMP11072
0.57,0.67,3,138,6,1,0,0,IT,medium,EMP11086
0.9,0.49,3,259,6,0,0,0,IT,medium,EMP11087
0.74,0.64,3,136,2,0,0,0,IT,medium,EMP11161
0.93,0.98,3,241,3,0,0,0,IT,medium,EMP11171
0.95,0.88,3,199,3,0,0,0,IT,medium,EMP11174
0.61,0.96,3,214,2,0,0,0,IT,medium,EMP11179
0.72,0.8,3,222,3,0,0,0,IT,medium,EMP11249
0.5,0.77,3,265,3,0,0,0,IT,medium,EMP11251
0.99,0.66,3,181,2,0,0,0,IT,medium,EMP11256
0.98,0.67,3,190,10,0,0,0,IT,medium,EMP11263
0.49,0.77,3,211,3,0,0,0,IT,high,EMP11269
0.85,0.67,3,176,2,0,0,0,IT,medium,EMP11337
0.65,0.37,3,170,6,0,0,0,IT,low,EMP11338
0.8,0.67,3,178,3,0,0,0,IT,low,EMP11346
0.69,0.51,3,257,3,1,0,0,IT,low,EMP11416
0.57,0.46,3,186,3,1,0,0,IT,medium,EMP11449
0.32,0.47,3,143,4,0,0,0,IT,medium,EMP11478
0.45,0.64,3,169,10,0,0,0,IT,medium,EMP11520
0.77,0.64,3,190,10,1,0,0,IT,medium,EMP11521
0.53,0.66,3,191,3,0,0,0,IT,high,EMP11602
0.66,0.65,3,272,10,0,0,0,IT,medium,EMP11630
0.62,0.73,3,245,4,0,0,0,IT,low,EMP11699
0.7,0.88,3,159,2,0,0,0,IT,high,EMP11701
0.53,0.73,3,163,3,1,0,0,IT,low,EMP11702
0.87,0.9,3,174,2,0,0,0,IT,low,EMP11703
0.5,0.73,3,154,10,0,0,0,IT,medium,EMP11754
0.34,0.72,3,118,4,0,0,0,IT,low,EMP11778
0.44,0.65,3,175,2,0,0,0,IT,low,EMP11806
0.53,1,3,164,4,0,0,0,IT,medium,EMP11835
0.78,0.8,3,256,2,0,0,0,IT,medium,EMP11880
0.92,0.6,3,179,2,0,0,0,IT,low,EMP11881
0.6,0.45,3,104,4,0,0,0,IT,low,EMP11883
0.7,0.54,3,194,2,1,0,0,IT,low,EMP11889
0.82,0.76,3,219,8,1,0,0,IT,low,EMP11930
0.92,0.65,3,176,3,0,0,0,IT,low,EMP11967
0.82,0.82,3,148,3,0,0,0,IT,low,EMP11968
0.6,0.85,3,242,2,0,0,0,IT,low,EMP11970
0.62,0.85,3,237,3,1,0,0,IT,medium,EMP11993
0.59,0.74,3,240,3,0,0,0,IT,low,EMP12814
0.58,0.49,3,167,3,0,0,0,IT,medium,EMP12882
0.84,0.86,3,199,3,0,0,0,IT,medium,EMP12957
0.96,0.7,3,207,3,0,0,0,IT,high,EMP12961
0.7,0.87,3,166,2,0,0,0,IT,medium,EMP13035
0.77,0.5,3,141,3,0,0,0,IT,medium,EMP13036
0.73,0.93,3,249,2,0,0,0,IT,medium,EMP13037
0.89,0.91,3,233,2,0,0,0,IT,medium,EMP13111
0.76,0.92,3,176,2,0,0,0,IT,medium,EMP13114
0.69,0.52,3,186,3,0,0,0,IT,medium,EMP13188
0.81,0.55,3,199,2,1,0,0,IT,medium,EMP13190
0.61,0.86,3,239,3,0,0,0,IT,low,EMP13206
0.67,0.49,3,224,3,0,0,0,IT,low,EMP13207
0.97,0.5,3,216,3,0,0,0,IT,low,EMP13283
0.57,0.67,3,138,6,1,0,0,IT,medium,EMP13297
0.9,0.49,3,259,6,0,0,0,IT,medium,EMP13298
0.74,0.64,3,136,2,0,0,0,IT,medium,EMP13372
0.93,0.98,3,241,3,0,0,0,IT,medium,EMP13382
0.95,0.88,3,199,3,0,0,0,IT,medium,EMP13385
0.61,0.96,3,214,2,0,0,0,IT,medium,EMP13390
0.72,0.8,3,222,3,0,0,0,IT,medium,EMP13460
0.5,0.77,3,265,3,0,0,0,IT,medium,EMP13462
0.99,0.66,3,181,2,0,0,0,IT,medium,EMP13467